stock_code,company_eng,codename
18470,조일알미늄,제조업
12800,대창,제조업
9620,삼보산업,제조업
24840,갑을메탈,제조업
1780,알루코,제조업
32560,황금에스티,제조업
60480,국일신동,제조업
103140,풍산,제조업
155660,DSR,제조업
135270,세종머티리얼즈,제조업
69460,대호에이엘,제조업
25820,이구산업,제조업
8350,남선알미늄,제조업
10130,고려아연,제조업
186230,그린플러스,제조업
670,영풍,제조업
128660,피제이메탈,제조업
6110,삼아알미늄,제조업
79170,한창산업,제조업
2240,고려제강,제조업
19440,세아특수강,제조업
53260,금강철강,제조업
21040,대호피앤씨,제조업
2690,동일제강,제조업
84010,대한제강,제조업
4890,동일산업,제조업
26910,광진실업,제조업
8420,문배철강,제조업
1230,동국제강,제조업
100090,삼강엠앤티,제조업
65620,제낙스,제조업
2710,TCC동양,제조업
5490,포스코,제조업
8970,동양철관,제조업
71090,하이스틸,제조업
2220,한일철강,제조업
14280,금강공업,제조업
970,한국주철관공업,제조업
16380,동부제철,제조업
9730,코센,제조업
17480,삼현철강,제조업
39240,경남스틸,제조업
263770,유에스티,제조업
13030,하이록코리아,제조업
133820,화인베스틸,제조업
4020,현대제철,제조업
3030,세아제강,제조업
5010,휴스틸,제조업
23160,태광,제조업
4560,현대비앤지스틸,제조업
1080,만호제강,제조업
26940,부국철강,제조업
12620,원일특강,제조업
1770,신화실업,제조업
48470,대동스틸,제조업
104700,한국철강,제조업
24090,디씨엠,제조업
58430,포스코강판,제조업
23790,동일철강,제조업
9520,포스코엠텍,제조업
140520,대창스틸,제조업
8260,NI스틸,제조업
90730,SIMPACMetal,제조업
69730,DSR제강,제조업
23440,제일제강,제조업
9190,대양금속,제조업
114920,대주이엔티,제조업
25550,한국선재,제조업
12160,영흥철강,제조업
14620,성광벤드,제조업
7280,한국특수형강,제조업
1430,세아베스틸,제조업
5160,동국산업,제조업
37760,쎄니트,제조업
60380,동양에스텍,제조업
79430,현대리바트,제조업
71950,코아스,제조업
134790,시디즈,제조업
11090,에넥스,제조업
16800,퍼시스,제조업
73190,듀오백,제조업
3800,에이스침대,제조업
71840,롯데하이마트,도매 및 소매업
234920,자이글,제조업
225650,쿠첸,제조업
44340,위닉스,제조업
9450,경동나비엔,제조업
192400,쿠쿠홀딩스,제조업
65350,신성델타테크,제조업
37070,파세코,제조업
270660,에브리봇,제조업
66130,하츠,제조업
42110,에스씨디,제조업
71460,대유위니아,제조업
11330,유니켐,제조업
2170,삼양통상,제조업
194370,제이에스코퍼레이션,제조업
221670,주노콜렉션,제조업
4700,조광피혁,제조업
284740,쿠쿠홈시스,"사업시설 관리, 사업 지원 및 임대 서비스업"
13120,동원개발,건설업
11160,두산건설,건설업
4960,한신공영,건설업
76080,웰크론한텍,건설업
47040,대우건설,건설업
6360,GS건설,건설업
34300,신세계건설,건설업
5450,신한,건설업
2410,범양건영,건설업
91590,남화토건,건설업
7680,대원,건설업
11370,서한,건설업
12630,HDC,건설업
2460,화성산업,건설업
35890,서희건설,건설업
2990,금호산업,건설업
17000,신원종합개발,건설업
1880,삼호,건설업
294870,HDC현대산업개발,건설업
21320,KCC건설,건설업
2290,삼일기업공사,건설업
16250,이테크건설,건설업
44180,KD건설,건설업
13700,까뮤이앤씨,건설업
1840,이화공영,건설업
11560,세보엠이씨,건설업
130660,한전산업,"전문, 과학 및 기술 서비스업"
28050,삼성엔지니어링,"전문, 과학 및 기술 서비스업"
45100,한양이엔지,"전문, 과학 및 기술 서비스업"
67630,에이치엘비생명과학,"전문, 과학 및 기술 서비스업"
163430,디피코,"전문, 과학 및 기술 서비스업"
53690,한미글로벌,"전문, 과학 및 기술 서비스업"
22100,포스코ICT,"전문, 과학 및 기술 서비스업"
37350,성도이엔지,"전문, 과학 및 기술 서비스업"
2150,도화엔지니어링,"전문, 과학 및 기술 서비스업"
23350,한국종합기술,"전문, 과학 및 기술 서비스업"
37440,희림,"전문, 과학 및 기술 서비스업"
52690,한전기술,"전문, 과학 및 기술 서비스업"
54930,유신,"전문, 과학 및 기술 서비스업"
7110,일신석재,도매 및 소매업
12750,에스원,"사업시설 관리, 사업 지원 및 임대 서비스업"
163560,동일고무벨트,제조업
41930,동아화성,제조업
2350,넥센타이어,제조업
282690,동아타이어,제조업
73240,금호타이어,제조업
44480,바이오제네틱스,제조업
161390,한국타이어,제조업
65690,대진디엠피,제조업
236030,씨알푸드,제조업
2680,한탑,제조업
1130,대한제분,제조업
6980,우성사료,제조업
36580,팜스코,제조업
8040,사조동아원,제조업
1790,대한제당,제조업
2140,고려산업,제조업
2200,한국수출포장공업,제조업
14970,삼륭물산,제조업
16590,신대양제지,제조업
37230,한국팩키지,제조업
2310,아세아제지,제조업
11280,태림포장,제조업
109070,컨버즈,제조업
14160,대영포장,제조업
6740,영풍제지,제조업
5670,푸드웰,제조업
43710,서울리거,"전문, 과학 및 기술 서비스업"
89600,나스미디어,"전문, 과학 및 기술 서비스업"
30000,제일기획,"전문, 과학 및 기술 서비스업"
10470,오리콤,"전문, 과학 및 기술 서비스업"
214320,이노션,"전문, 과학 및 기술 서비스업"
230360,에코마케팅,"전문, 과학 및 기술 서비스업"
123570,이엠넷,"전문, 과학 및 기술 서비스업"
216050,인크로스,"전문, 과학 및 기술 서비스업"
57030,와이비엠넷,교육 서비스업
208890,에듀파트너,교육 서비스업
101670,코리아에스이,제조업
69140,누리플랜,제조업
147830,제룡산업,제조업
8470,부스타,제조업
96350,대창솔루션,제조업
109610,에스와이패널,제조업
17960,한국카본,제조업
18310,삼목에스폼,제조업
54540,삼영엠텍,제조업
112610,씨에스윈드,제조업
91090,세원셀론텍,제조업
85310,엔케이,제조업
100130,동국S&C,제조업
258610,이더블유케이,제조업
192390,윈하이텍,제조업
90410,덕신하우징,제조업
114190,웰크론강원,제조업
38010,제일테크노스,제조업
6910,보성파워텍,제조업
58730,다스코,제조업
26040,제이에스티나,제조업
21240,코웨이,"협회 및 단체, 수리 및 기타 개인 서비스업"
123750,알톤스포츠,제조업
40,KR모터스,제조업
220110,드림티엔터테인먼트,"전문, 과학 및 기술 서비스업"
38290,마크로젠,"전문, 과학 및 기술 서비스업"
238500,로보쓰리,"전문, 과학 및 기술 서비스업"
45970,코아시아홀딩스,"전문, 과학 및 기술 서비스업"
144510,녹십자랩셀,"전문, 과학 및 기술 서비스업"
200470,하이셈,"전문, 과학 및 기술 서비스업"
131970,테스나,"전문, 과학 및 기술 서비스업"
119830,아이텍반도체,"전문, 과학 및 기술 서비스업"
263920,에스엔피월드,제조업
54630,에이디칩스,제조업
278990,파인이엠텍,제조업
27040,서울전자통신,제조업
4920,씨아이테크,제조업
54090,삼진엘앤디,제조업
192440,슈피겐코리아,제조업
194610,우성아이비,제조업
21050,서원,제조업
20400,대동금속,제조업
109860,동일금속,제조업
122800,썬텍,제조업
291210,한국제7호스팩,금융 및 보험업
1290,골든브릿지증권,금융 및 보험업
262830,대신밸런스제4호스팩,금융 및 보험업
284620,하나금융11호스팩,금융 및 보험업
277480,신한제4호스팩,금융 및 보험업
270520,하나금융10호스팩,금융 및 보험업
273060,엔에이치스팩12호,금융 및 보험업
1510,SK증권,금융 및 보험업
240540,한국4호스팩,금융 및 보험업
226340,에이치엠씨3호스팩,금융 및 보험업
261200,하나금융9호스팩,금융 및 보험업
253590,대신밸런스제3호스팩,금융 및 보험업
3530,한화투자증권,금융 및 보험업
1270,부국증권,금융 및 보험업
239340,미래에셋제5호스팩,금융 및 보험업
5940,NH투자증권,금융 및 보험업
16610,DB금융투자,금융 및 보험업
16360,삼성증권,금융 및 보험업
256630,엔에이치스팩10호,금융 및 보험업
287410,유안타제3호스팩,금융 및 보험업
225430,IBKS제3호스팩,금융 및 보험업
279410,한화에이스스팩4호,금융 및 보험업
267320,교보7호스팩,금융 및 보험업
256840,엔에이치스팩11호,금융 및 보험업
1500,현대차증권,금융 및 보험업
3540,대신증권,금융 및 보험업
281410,한국제6호스팩,금융 및 보험업
230240,하나금융7호SPAC,금융 및 보험업
232270,케이비제9호스팩,금융 및 보험업
1200,유진증권,금융 및 보험업
276920,IBKS제7호스팩,금융 및 보험업
265920,한화수성스팩,금융 및 보험업
64850,에프앤가이드,금융 및 보험업
78020,이베스트투자증권,금융 및 보험업
1720,신영증권,금융 및 보험업
226440,동부스팩3호,금융 및 보험업
39490,키움증권,금융 및 보험업
250930,케이비제10호스팩,금융 및 보험업
232330,SK3호스팩,금융 및 보험업
258790,케이비제11호스팩,금융 및 보험업
227950,골든브릿지제4호스팩,금융 및 보험업
230490,동부제4호스팩,금융 및 보험업
204620,글로벌텍스프리,금융 및 보험업
277410,IBKS제8호스팩,금융 및 보험업
254120,IBKS제5호스팩,금융 및 보험업
264850,IBKS제6호스팩,금융 및 보험업
242040,교보비엔케이스팩,금융 및 보험업
6800,미래에셋대우,금융 및 보험업
3460,유화증권,금융 및 보험업
30610,교보증권,금융 및 보험업
265480,미래에셋대우스팩1호,금융 및 보험업
271740,한국제5호스팩,금융 및 보험업
1750,한양증권,금융 및 보험업
3470,유안타증권,금융 및 보험업
257730,신한제3호스팩,금융 및 보험업
235010,하이에이아이1호스팩,금융 및 보험업
8560,메리츠종금증권,금융 및 보험업
264290,한화에이스스팩3호,금융 및 보험업
281740,동부스팩5호,금융 및 보험업
30210,KTB투자증권,금융 및 보험업
32940,원익,도매 및 소매업
33320,제이씨현시스템,도매 및 소매업
93520,매커스,도매 및 소매업
5110,한창,도매 및 소매업
77500,유니퀘스트,도매 및 소매업
99220,SDN,도매 및 소매업
3010,혜인,도매 및 소매업
118000,우리들휴브레인,도매 및 소매업
32190,다우데이타,도매 및 소매업
65650,메디프론,도매 및 소매업
2700,신일산업,도매 및 소매업
36180,영인프런티어,도매 및 소매업
32790,엠젠플러스,도매 및 소매업
32680,소프트센,도매 및 소매업
51380,피씨디렉트,도매 및 소매업
4080,신흥,도매 및 소매업
50320,에이앤티앤,도매 및 소매업
16920,카스,도매 및 소매업
31330,에스에이엠티,도매 및 소매업
131220,대한과학,도매 및 소매업
140070,서플러스글로벌,도매 및 소매업
16170,카카오M,제조업
33050,제이엠아이,제조업
63440,SMLifeDesign,제조업
46940,우원개발,건설업
76340,관악산업,건설업
10960,삼호개발,건설업
138290,지성이씨에스,건설업
28100,동아지질,건설업
78160,메디포스트,제조업
207940,삼성바이오로직스,제조업
217730,강스템바이오텍,제조업
49180,셀루메드,제조업
950160,코오롱티슈진,제조업
203690,프로스테믹스,제조업
182400,에이티젠,제조업
187420,제노포커스,제조업
72020,중앙백신,제조업
65660,안트로젠,제조업
5690,파미셀,제조업
196300,애니젠,제조업
191420,테고사이언스,제조업
102940,코오롱생명과학,제조업
48530,인트론바이오,제조업
114450,KPX생명과학,제조업
31390,녹십자셀,제조업
49960,쎌바이오텍,제조업
214370,케어젠,제조업
183490,엔지켐생명과학,제조업
68270,셀트리온,제조업
86900,메디톡스,제조업
145020,휴젤,제조업
200130,콜마비앤에이치,제조업
214390,경보제약,제조업
85660,차바이오텍,제조업
87010,펩트론,제조업
25000,KPX케미칼,제조업
6890,태경화학,제조업
131100,리켐,제조업
11170,롯데케미칼,제조업
171010,램테크놀러지,제조업
14830,유니드,제조업
239890,피엔에이치테크,제조업
1340,백광산업,제조업
5290,동진쎄미켐,제조업
5950,이수화학,제조업
101240,씨큐브,제조업
6650,대한유화,제조업
170920,엘티씨,제조업
104830,원익머트리얼즈,제조업
251370,와이엠티,제조업
161000,애경유화,제조업
23450,동남합성,제조업
15890,태경산업,제조업
33500,동성화인텍,제조업
187790,나노,제조업
12610,경인양행,제조업
268280,미원에스씨,제조업
36490,SK머티리얼즈,제조업
14680,한솔케미칼,제조업
65940,바이오빌,제조업
51910,LG화학,제조업
4000,롯데정밀화학,제조업
1570,금양,제조업
7770,한일화학,제조업
217910,에스제이켐,제조업
11780,금호석유화학,제조업
5190,동성화학,제조업
298000,효성화학,제조업
10060,OCI,제조업
1390,KG케미칼,제조업
6380,카프로,제조업
7690,국도화학,제조업
9830,한화케미칼,제조업
2360,SH에너지화학,제조업
93370,후성,제조업
10640,진양폴리우레탄,제조업
120240,대정화금,제조업
246250,에스엘에스바이오,"전문, 과학 및 기술 서비스업"
221800,유투바이오,"전문, 과학 및 기술 서비스업"
46120,오르비텍,"전문, 과학 및 기술 서비스업"
187220,디티앤씨,"전문, 과학 및 기술 서비스업"
72990,에이치시티,"전문, 과학 및 기술 서비스업"
180400,캔서롭,"전문, 과학 및 기술 서비스업"
67280,멀티캠퍼스,교육 서비스업
176560,포인트엔지니어링,제조업
7460,에이프로젠KIC,제조업
4780,대륙제관,제조업
53660,현진소재,제조업
110660,세신버팔로,제조업
24940,PN풍년,제조업
33310,디케이디앤아이,제조업
6570,대림통상,제조업
53620,태양,제조업
7530,영신금속,제조업
120030,조선선재,제조업
44490,태웅,제조업
4450,삼화왕관,제조업
258050,테크트랜스,제조업
81150,티플랙스,제조업
17510,세명전기,제조업
24880,케이피에프,제조업
73640,삼원테크,제조업
138070,신진에스엠,제조업
19210,와이지-원,제조업
119500,포메탈,제조업
93380,풍강,제조업
54410,케이피티유,제조업
49830,승일,제조업
2020,코오롱,금융 및 보험업
229640,LS전선아시아,금융 및 보험업
12320,경동인베스트,금융 및 보험업
900080,에스앤씨엔진그룹,금융 및 보험업
13570,디와이,금융 및 보험업
42420,네오위즈홀딩스,금융 및 보험업
78930,GS,금융 및 보험업
3090,대웅,금융 및 보험업
6260,LS,금융 및 보험업
3480,한진중공업홀딩스,금융 및 보험업
36530,S&T홀딩스,금융 및 보험업
94840,슈프리마에이치큐,금융 및 보험업
17810,풀무원,금융 및 보험업
34730,SK,금융 및 보험업
138930,BNK금융지주,금융 및 보험업
590,CS홀딩스,금융 및 보험업
4990,롯데지주,금융 및 보험업
900260,로스웰,금융 및 보험업
58650,세아홀딩스,금융 및 보험업
2790,아모레퍼시픽그룹,금융 및 보험업
16600,큐캐피탈,금융 및 보험업
5990,매일홀딩스,금융 및 보험업
16450,한세예스24홀딩스,금융 및 보험업
900270,헝셩그룹,금융 및 보험업
900300,오가닉티코스메틱,금융 및 보험업
15860,일진홀딩스,금융 및 보험업
16880,웅진,금융 및 보험업
15360,예스코홀딩스,금융 및 보험업
3380,제일홀딩스,금융 및 보험업
4840,DRB동일,금융 및 보험업
139130,DGB금융지주,금융 및 보험업
6200,한국전자홀딩스,금융 및 보험업
1800,오리온홀딩스,금융 및 보험업
25530,에스제이엠홀딩스,금융 및 보험업
72710,농심홀딩스,금융 및 보험업
6120,SK디스커버리,금융 및 보험업
72470,우리산업홀딩스,금융 및 보험업
100250,진양홀딩스,금융 및 보험업
9970,영원무역홀딩스,금융 및 보험업
30530,원익홀딩스,금융 및 보험업
71050,한국금융지주,금융 및 보험업
107590,미원홀딩스,금융 및 보험업
105560,KB금융,금융 및 보험업
86790,하나금융지주,금융 및 보험업
9440,KC그린홀딩스,금융 및 보험업
54620,APS홀딩스,금융 및 보험업
60980,한라홀딩스,금융 및 보험업
5810,풍산홀딩스,금융 및 보험업
900250,크리스탈신소재,금융 및 보험업
900040,차이나그레이트,금융 및 보험업
63080,게임빌,금융 및 보험업
5720,넥센,금융 및 보험업
36710,심텍홀딩스,금융 및 보험업
6840,AK홀딩스,금융 및 보험업
140,하이트진로홀딩스,금융 및 보험업
24660,하림홀딩스,금융 및 보험업
267250,현대중공업지주,금융 및 보험업
36420,제이콘텐트리,금융 및 보험업
320,노루홀딩스,금융 및 보험업
900120,씨케이에이치,금융 및 보험업
42370,비츠로테크,금융 및 보험업
3550,LG,금융 및 보험업
92230,KPX홀딩스,금융 및 보험업
35080,인터파크홀딩스,금융 및 보험업
289080,SV인베스트먼트,금융 및 보험업
77360,덕산하이메탈,금융 및 보험업
900290,GRT,금융 및 보험업
33660,아주캐피탈,금융 및 보험업
6880,신송홀딩스,금융 및 보험업
28080,휴맥스홀딩스,금융 및 보험업
96770,SK이노베이션,금융 및 보험업
241560,두산밥캣,금융 및 보험업
900280,골든센츄리,금융 및 보험업
121440,골프존뉴딘홀딩스,금융 및 보험업
4150,한솔홀딩스,금융 및 보험업
10050,우리종금,금융 및 보험업
84690,대상홀딩스,금융 및 보험업
900090,차이나하오란,금융 및 보험업
900140,엘브이엠씨,금융 및 보험업
5740,크라운해태홀딩스,금융 및 보험업
44820,코스맥스비티아이,금융 및 보험업
101060,SBS미디어홀딩스,금융 및 보험업
55550,신한지주,금융 및 보험업
241590,화승엔터프라이즈,금융 및 보험업
78070,유비쿼스홀딩스,금융 및 보험업
1630,종근당홀딩스,금융 및 보험업
900110,이스트아시아홀딩스,금융 및 보험업
70,삼양홀딩스,금융 및 보험업
96760,JW홀딩스,금융 및 보험업
175330,JB금융지주,금융 및 보험업
7860,서연,금융 및 보험업
84110,휴온스글로벌,금융 및 보험업
138040,메리츠금융지주,금융 및 보험업
21880,메이슨캐피탈,금융 및 보험업
24720,한국콜마홀딩스,금융 및 보험업
900070,글로벌에스엠,금융 및 보험업
640,동아쏘시오홀딩스,금융 및 보험업
1940,KISCO홀딩스,금융 및 보험업
7540,샘표,금융 및 보험업
8930,한미사이언스,금융 및 보험업
60560,홈센타홀딩스,금융 및 보험업
41190,우리기술투자,금융 및 보험업
14470,부방,금융 및 보험업
88390,이녹스,금융 및 보험업
10770,평화홀딩스,금융 및 보험업
180640,한진칼,금융 및 보험업
23760,한국캐피탈,금융 및 보험업
29780,삼성카드,금융 및 보험업
230,일동홀딩스,금융 및 보험업
39020,이건홀딩스,금융 및 보험업
240,한국타이어월드와이드,금융 및 보험업
1040,CJ,금융 및 보험업
225530,보광산업,광업
3580,동원,광업
28040,미래SCI,제조업
38500,삼표시멘트,제조업
7210,벽산,제조업
222420,쎄노텍,제조업
4090,한국석유공업,제조업
75970,동국알앤에스,제조업
1560,제일연마,제조업
64760,티씨케이,제조업
255220,SG,제조업
15540,메디플란트,"사업시설 관리, 사업 지원 및 임대 서비스업"
50540,한국코퍼레이션,"사업시설 관리, 사업 지원 및 임대 서비스업"
94280,효성ITX,"사업시설 관리, 사업 지원 및 임대 서비스업"
32040,C&S자산관리,"사업시설 관리, 사업 지원 및 임대 서비스업"
36120,SCI평가정보,"사업시설 관리, 사업 지원 및 임대 서비스업"
63570,한국전자금융,"사업시설 관리, 사업 지원 및 임대 서비스업"
130580,나이스디앤비,"사업시설 관리, 사업 지원 및 임대 서비스업"
49720,고려신용정보,"사업시설 관리, 사업 지원 및 임대 서비스업"
34950,한국기업평가,"사업시설 관리, 사업 지원 및 임대 서비스업"
60280,큐렉소,도매 및 소매업
8770,호텔신라,도매 및 소매업
130500,GH신소재,제조업
299480,지앤이바이오텍,제조업
83550,케이엠,제조업
222980,한국맥널티,제조업
5610,SPC삼립,제조업
1680,대상,제조업
178600,대동고려삼,제조업
260970,에스앤디,제조업
92040,아미코젠,제조업
4370,농심,제조업
145990,삼양사,제조업
239610,에이치엘사이언스,제조업
7310,오뚜기,제조업
62580,인산가,제조업
101530,해태제과식품,제조업
97950,CJ제일제당,제조업
3230,삼양식품,제조업
9780,엠에스씨,제조업
2600,조흥,제조업
49770,동원F&B,제조업
264900,크라운제과,제조업
284420,휴럼,제조업
248170,샘표식품,제조업
271560,오리온,제조업
11150,CJ씨푸드,제조업
222040,뉴트리바이오텍,제조업
86220,네추럴FNP,제조업
204990,현성바이탈,제조업
280360,롯데제과,제조업
4410,서울식품공업,제조업
79660,사조해표,제조업
52300,W홀딩컴퍼니,운수 및 창고업
5430,한국공항,운수 및 창고업
86280,현대글로비스,운수 및 창고업
9180,한솔로지스틱스,운수 및 창고업
3100,선광,운수 및 창고업
250300,제이에스피브이,제조업
208850,이비테크,제조업
215100,로보로보,제조업
19180,티에이치엔,제조업
45390,대아티아이,제조업
162120,루켄테크놀러지스,제조업
180060,탑선,제조업
16670,포비스티앤씨,도매 및 소매업
18670,SK가스,도매 및 소매업
66430,와이오엠,도매 및 소매업
28260,삼성물산,도매 및 소매업
36620,버추얼텍,도매 및 소매업
10420,한솔피엔에스,도매 및 소매업
93230,이아이디,도매 및 소매업
9810,엔케이물산,도매 및 소매업
5390,신성통상,도매 및 소매업
48910,대원미디어,도매 및 소매업
17940,E1,도매 및 소매업
4270,남성,도매 및 소매업
56730,포스링크,도매 및 소매업
44960,이글벳,도매 및 소매업
106190,하이텍팜,도매 및 소매업
440,중앙에너비스,도매 및 소매업
43090,팜스웰바이오,도매 및 소매업
74430,아미노로직스,도매 및 소매업
38070,서린바이오,도매 및 소매업
39740,한국정보공학,도매 및 소매업
24060,흥구석유,도매 및 소매업
1740,SK네트웍스,도매 및 소매업
91990,셀트리온헬스케어,도매 및 소매업
760,이화산업,도매 및 소매업
37370,EG,도매 및 소매업
65560,녹원씨엔아이,도매 및 소매업
2810,삼영무역,도매 및 소매업
12170,키위미디어그룹,도매 및 소매업
14190,원익큐브,도매 및 소매업
88790,진도,도매 및 소매업
13000,세우글로벌,도매 및 소매업
12700,리드코프,도매 및 소매업
54800,아이디스홀딩스,"전문, 과학 및 기술 서비스업"
92130,이크레더블,정보통신업
207760,미스터블루,정보통신업
111820,지와이커머스,정보통신업
60250,NHN한국사이버결제,정보통신업
39290,인포뱅크,정보통신업
58850,KTcs,정보통신업
66980,브레인콘텐츠,정보통신업
84440,유비온,정보통신업
30190,NICE평가정보,정보통신업
58860,케이티스,정보통신업
214180,민앤지,정보통신업
89230,THEE&M,정보통신업
38160,팍스넷,정보통신업
12690,모나리자,제조업
17650,대림제지,제조업
78130,국일제지,제조업
227610,아우딘퓨쳐스,제조업
2760,보락,제조업
237880,클리오,제조업
49550,잉크테크,제조업
78520,에이블씨엔씨,제조업
161890,한국콜마,제조업
252370,유쎌,제조업
252500,세화피앤씨,제조업
16100,리더스코스메틱,제조업
83420,그린케미칼,제조업
5420,코스모화학,제조업
225860,엠앤씨생명과학,제조업
69110,코스온,제조업
11790,SKC,제조업
101360,이엔드디,제조업
134380,미원화학,제조업
25620,제이준코스메틱,제조업
18250,애경산업,제조업
80530,코디,제조업
240340,인터코스,제조업
102710,이엔에프테크놀로지,제조업
4430,송원산업,제조업
138360,에이씨티,제조업
860,강남제비스코,제조업
8490,서흥,제조업
221980,케이디켐,제조업
192820,코스맥스,제조업
66830,제노텍,제조업
241710,코스메카코리아,제조업
3350,한국화장품제조,제조업
90350,노루페인트,제조업
48410,현대아이비티,제조업
81000,일진다이아,제조업
92070,디엔에프,제조업
390,삼화페인트공업,제조업
220260,켐트로스,제조업
5070,코스모신소재,제조업
137950,제이씨케미칼,제조업
11500,한농화성,제조업
14100,보령메디앙스,제조업
2380,케이씨씨,제조업
17890,한국알콜,제조업
51900,LG생활건강,제조업
226320,잇츠한불,제조업
123330,제닉,제조업
270210,에스알바이오텍,제조업
241770,메카로,제조업
171120,라이온켐텍,제조업
215050,비엔디생활건강,제조업
121600,나노신소재,제조업
284610,TS트릴리온,제조업
233990,하우동천,제조업
89470,HDC현대EP,제조업
92730,네오팜,제조업
221610,한솔씨앤피,제조업
69260,휴켐스,제조업
103660,씨앗,제조업
90430,아모레퍼시픽,제조업
950140,잉글우드랩,제조업
36670,KCI,제조업
89010,켐트로닉스,제조업
880,한화,제조업
52260,SK바이오랜드,제조업
260930,씨티케이코스메틱스,제조업
214420,토니모리,제조업
217480,에스디생명공학,제조업
4910,조광페인트,제조업
86520,에코프로,제조업
241790,오션브릿지,제조업
27050,코리아나,제조업
242420,본느,제조업
2840,미원상사,제조업
42040,케이피엠테크,제조업
36830,솔브레인,제조업
237720,케이엠제약,제조업
159910,스킨앤스킨,제조업
45060,오공,제조업
8250,이건산업,제조업
25900,동화기업,제조업
2820,선창산업,제조업
2270,롯데푸드,제조업
5180,빙그레,제조업
267980,매일유업,제조업
3920,남양유업,제조업
10040,한국내화,제조업
8800,행남사,제조업
5750,대림비앤코,제조업
480,조선내화,제조업
10780,아이에스동서,제조업
47400,유니온머티리얼,제조업
33780,케이티앤지,제조업
1140,국보,운수 및 창고업
32280,삼일,운수 및 창고업
129260,인터지스,운수 및 창고업
120,CJ대한통운,운수 및 창고업
2320,한진,운수 및 창고업
9070,케이씨티시,운수 및 창고업
14130,한익스프레스,운수 및 창고업
4140,동방,운수 및 창고업
4360,세방,운수 및 창고업
27740,마니커,제조업
88910,동우팜투테이블,제조업
66360,체리부로,제조업
73560,우리손에프앤지,제조업
136480,하림,제조업
208140,정다운,제조업
25880,케이씨피드,제조업
5860,한일사료,제조업
218150,미래생명자원,제조업
16790,현대사료,제조업
86060,진바이오텍,제조업
3310,대주산업,제조업
35810,이지바이오,제조업
136490,선진,제조업
27710,팜스토리,제조업
79550,LIG넥스원,제조업
10820,퍼스텍,제조업
57050,현대홈쇼핑,도매 및 소매업
141020,포티스,도매 및 소매업
53280,예스24,도매 및 소매업
69920,아이에스이커머스,도매 및 소매업
108790,인터파크,도매 및 소매업
138250,엔에스쇼핑,도매 및 소매업
54450,텔레칩스,제조업
153490,우리이앤엘,제조업
80220,제주반도체,제조업
32580,피델릭스,제조업
62860,티엘아이,제조업
43590,크로바하이텍,제조업
114570,지스마트글로벌,제조업
93640,다믈멀티미디어,제조업
214310,세미콘라이트,제조업
92590,럭스피아,제조업
11690,유양디앤유,제조업
97800,윈팩,제조업
17900,광전자,제조업
182690,테라셈,제조업
67310,하나마이크론,제조업
103130,웅진에너지,제조업
20760,일진디스플,제조업
4770,써니전자,제조업
61970,엘비세미콘,제조업
200710,에이디테크놀로지,제조업
46890,서울반도체,제조업
102120,어보브반도체,제조업
4870,티웨이홀딩스,제조업
80520,오디텍,제조업
96870,엘디티,제조업
82800,루미마이크로,제조업
52860,아이앤씨,제조업
990,DB하이텍,제조업
59090,미코,제조업
59120,아진엑스텍,제조업
123260,STC,제조업
115610,이미지스,제조업
66310,큐에스아이,제조업
94170,동운아나텍,제조업
33170,시그네틱스,제조업
33640,네패스,제조업
36540,SFA반도체,제조업
64520,바른전자,제조업
11930,신성이엔지,제조업
89530,에이티세미콘,제조업
166090,하나머티리얼즈,제조업
92600,넥스트칩,제조업
108320,실리콘웍스,제조업
660,SK하이닉스,제조업
92220,KEC,제조업
78350,한양디지텍,제조업
36170,씨티젠,제조업
117670,알파홀딩스,제조업
123860,아나패스,제조업
38060,루멘스,제조업
149010,아이케이세미콘,제조업
101400,엔시트론,제조업
96610,알에프세미,제조업
30270,에스마크,제조업
3200,일신방직,제조업
50,경방,제조업
1530,동일방직,제조업
950,전방,제조업
211050,인카금융서비스,금융 및 보험업
5830,DB손해보험,금융 및 보험업
1450,현대해상,금융 및 보험업
540,흥국화재,금융 및 보험업
82640,동양생명,금융 및 보험업
79440,아이엔지생명,금융 및 보험업
88350,한화생명,금융 및 보험업
400,롯데손해보험,금융 및 보험업
370,한화손해보험,금융 및 보험업
60,메리츠화재,금융 및 보험업
32830,삼성생명,금융 및 보험업
85620,미래에셋생명,금융 및 보험업
810,삼성화재해상보험,금융 및 보험업
2070,남영비비안,제조업
33340,좋은사람들,제조업
20000,한섬,제조업
299670,에스엠비나,제조업
14990,인디에프,제조업
84870,티비에이치글로벌,제조업
93050,LF,제조업
111110,호전실업,제조업
17680,데코앤이,제조업
5800,신영와코루,제조업
251540,에스와이제이,제조업
1460,BYC,제조업
105630,한세실업,제조업
102280,쌍방울,제조업
267790,배럴,제조업
9270,신원,제조업
7700,F&F,제조업
65060,지엔코,제조업
93240,형지엘리트,제조업
7980,태평양물산,제조업
8290,원풍물산,제조업
98660,에스티오,제조업
16090,대현,제조업
225590,패션플랫폼,제조업
90370,메타랩스,제조업
11080,형지I&C,제조업
47770,코데즈컴바인,제조업
204210,모두투어리츠,부동산업
1000,신라섬유,부동산업
140910,에이리츠,부동산업
34810,해성산업,부동산업
15020,이스타코,부동산업
210980,SK디앤디,부동산업
88260,이리츠코크렙,부동산업
140890,트러스제7호,부동산업
145270,케이탑리츠,부동산업
3080,성보화학,NA
97870,효성오앤비,NA
25860,남해화학,NA
7590,동방아그로,NA
2100,경농,NA
1550,조비,NA
7390,네이처셀,제조업
5300,롯데칠성음료,제조업
189980,흥국에프엔비,제조업
38870,에코바이오,NA
196450,텔루스,제조업
106520,디지탈옵틱,제조업
82210,옵트론텍,제조업
76610,해성옵틱스,제조업
126700,하이비젼시스템,제조업
238120,로고스바이오,제조업
225190,삼양옵틱스,제조업
78650,코렌,제조업
49630,재영솔루텍,제조업
119610,인터로조,제조업
53450,세코닉스,제조업
73110,엘엠에스,제조업
95570,AJ네트웍스,"사업시설 관리, 사업 지원 및 임대 서비스업"
234070,에이원알폼,"사업시설 관리, 사업 지원 및 임대 서비스업"
185190,수프로,NA
4060,SG세계물산,도매 및 소매업
680,LS네트웍스,도매 및 소매업
11760,현대종합상사,도매 및 소매업
43220,에이치엘비파워,도매 및 소매업
51390,YW,도매 및 소매업
11810,STX,도매 및 소매업
122900,아이마켓코리아,도매 및 소매업
31860,엔에스엔,도매 및 소매업
19660,글로본,도매 및 소매업
1250,GS글로벌,도매 및 소매업
6730,서부T&D,도매 및 소매업
26260,위너지스,도매 및 소매업
64090,에프앤리퍼블릭,도매 및 소매업
111770,영원무역,도매 및 소매업
7720,대명코퍼레이션,도매 및 소매업
41520,이라이콤,도매 및 소매업
36030,KTH,도매 및 소매업
63170,서울옥션,도매 및 소매업
242850,영현무역,도매 및 소매업
10600,웰바이오텍,도매 및 소매업
80010,이상네트웍스,도매 및 소매업
47050,포스코대우,도매 및 소매업
1120,LG상사,도매 및 소매업
214450,파마리서치프로덕트,도매 및 소매업
5360,모나미,도매 및 소매업
24950,삼천리자전거,도매 및 소매업
5320,국동,도매 및 소매업
4590,한국가구,도매 및 소매업
50120,라이브플렉스,도매 및 소매업
266870,플렉스파워에이더블유에스,도매 및 소매업
225850,미애부,도매 및 소매업
81660,휠라코리아,도매 및 소매업
13990,아가방컴퍼니,도매 및 소매업
101140,아티스,도매 및 소매업
58530,슈펙스비앤피,도매 및 소매업
123690,한국화장품,도매 및 소매업
38530,골드퍼시픽,도매 및 소매업
159580,제로투세븐,도매 및 소매업
9240,한샘,도매 및 소매업
219550,MP한강,도매 및 소매업
8600,윌비스,도매 및 소매업
60590,씨티씨바이오,도매 및 소매업
134060,이퓨쳐,정보통신업
100220,비상교육,정보통신업
39670,스포츠서울,정보통신업
36000,예림당,정보통신업
68290,삼성출판사,정보통신업
72870,메가스터디,정보통신업
35290,더블유에프엠,정보통신업
263720,디앤씨미디어,정보통신업
53290,NE능률,정보통신업
60900,퍼시픽바이오,제조업
10950,S-Oil,제조업
2960,한국쉘석유,제조업
3650,미창석유공업,제조업
14530,극동유화,제조업
65420,에스아이리소스,광업
42660,대우조선해양,제조업
101930,인화정공,제조업
108380,대양전기공업,제조업
9540,현대중공업,제조업
54180,중앙오션,제조업
75580,세진중공업,제조업
102210,해덕파워웨이,제조업
28300,에이치엘비,제조업
10620,현대미포조선,제조업
10140,삼성중공업,제조업
64820,케이프,제조업
14940,오리엔탈정공,제조업
99410,동방선기,제조업
92460,한라IMS,제조업
69640,한세엠케이,도매 및 소매업
39980,리노스,도매 및 소매업
31430,신세계인터내셔날,도매 및 소매업
215480,토박스코리아,도매 및 소매업
80420,모다이노칩,도매 및 소매업
32080,아즈텍WB,제조업
41460,한국전자인증,정보통신업
112040,위메이드,정보통신업
123420,선데이토즈,정보통신업
30350,드래곤플라이,정보통신업
230980,솔트웍스,정보통신업
263860,지니언스,정보통신업
41020,인프라웨어,정보통신업
192250,케이사인,정보통신업
67000,조이시티,정보통신업
51160,지어소프트,정보통신업
95660,네오위즈,정보통신업
104200,NHN벅스,정보통신업
202960,판도라티비,정보통신업
53350,이니텍,정보통신업
205500,액션스퀘어,정보통신업
203650,드림시큐리티,정보통신업
150440,피노텍,정보통신업
223220,구름게임즈앤컴퍼니,정보통신업
52400,코나아이,정보통신업
225570,넷게임즈,정보통신업
77280,한컴지엠디,정보통신업
53800,안랩,정보통신업
245030,스페이스솔루션,정보통신업
201490,미투온,정보통신업
69080,웹젠,정보통신업
219420,링크제니시스,정보통신업
87260,모바일어플라이언스,정보통신업
258250,셀젠텍,정보통신업
79940,가비아,정보통신업
224880,SGA임베디드,정보통신업
69410,엔텔스,정보통신업
138580,비즈니스온,정보통신업
50960,수산아이앤티,정보통신업
184230,SGA솔루션즈,정보통신업
199150,데이터스트림즈,정보통신업
131090,시큐브,정보통신업
263750,펄어비스,정보통신업
100030,모바일리더,정보통신업
214270,퓨쳐스트림네트웍스,정보통신업
220180,핸디소프트,정보통신업
79970,투비소프트,정보통신업
35600,KG이니시스,정보통신업
56000,신스타임즈,정보통신업
46440,KG모빌리언스,정보통신업
58630,엠게임,정보통신업
192080,더블유게임즈,정보통신업
189690,포시에스,정보통신업
53300,한국정보인증,정보통신업
67160,아프리카TV,정보통신업
210610,소프트캠프,정보통신업
94360,칩스앤미디어,정보통신업
195440,퓨전데이타,정보통신업
148780,비플라이소프트,정보통신업
232830,시큐센,정보통신업
263700,케어랩스,정보통신업
23770,플레이위드,정보통신업
52770,와이디온라인,정보통신업
81970,넥스지,정보통신업
60240,룽투코리아,정보통신업
247300,인프라웨어테크놀러지,정보통신업
197140,디지캡,정보통신업
58970,엠로,정보통신업
64260,다날,정보통신업
139670,넥스트리밍,정보통신업
67920,이글루시큐리티,정보통신업
32850,비트컴퓨터,정보통신업
85810,알티캐스트,정보통신업
101730,조이맥스,정보통신업
94480,갤럭시아컴즈,정보통신업
32620,유비케어,정보통신업
153460,네이블커뮤니케이션즈,정보통신업
47080,한빛소프트,정보통신업
131370,알서포트,정보통신업
90850,이지웰페어,정보통신업
208640,썸에이지,정보통신업
208350,지란지교시큐리티,정보통신업
215000,골프존,정보통신업
35620,바른손이앤에이,정보통신업
206400,엔터메이트,정보통신업
167380,나무기술,정보통신업
71200,인피니트헬스케어,정보통신업
150900,파수닷컴,정보통신업
179720,옐로페이,정보통신업
41140,넥슨지티,정보통신업
78340,컴투스,정보통신업
217270,넵튠,정보통신업
65370,위세아이텍,정보통신업
205100,엑셈,정보통신업
52790,액토즈소프트,정보통신업
279600,미디어젠,정보통신업
181710,NHN엔터테인먼트,정보통신업
108860,셀바스AI,정보통신업
222810,바이오닉스진,정보통신업
47560,이스트소프트,정보통신업
86960,한컴MDS,정보통신업
42510,라온시큐어,정보통신업
251270,넷마블,정보통신업
950110,SBI핀테크솔루션즈,정보통신업
94860,코닉글로리,정보통신업
194510,파티게임즈,정보통신업
36570,엔씨소프트,정보통신업
217880,틸론,정보통신업
119860,다나와,정보통신업
40160,누리텔레콤,정보통신업
49470,SGA,정보통신업
65440,이루온,정보통신업
64480,브리지텍,정보통신업
194480,데브시스터즈,정보통신업
223310,이에스브이,정보통신업
208860,엔지스테크널러지,정보통신업
285770,라이프사이언스테크놀로지,정보통신업
54920,한컴시큐어,정보통신업
57680,옴니텔,정보통신업
70300,한솔시큐어,정보통신업
213090,미래테크놀로지,정보통신업
89850,유비벨록스,정보통신업
30520,한글과컴퓨터,정보통신업
45340,토탈소프트,정보통신업
14710,사조씨푸드,제조업
3680,한성기업,제조업
6090,사조오양,제조업
3960,사조대림,제조업
267060,명진홀딩스,제조업
11420,갤럭시아에스엠,"예술, 스포츠 및 여가관련 서비스업"
25980,아난티,"예술, 스포츠 및 여가관련 서비스업"
910,유니온,제조업
11390,부산산업,제조업
79650,서산,제조업
198440,고려시멘트,제조업
14580,백광소재,제조업
183190,아세아시멘트,제조업
23410,유진기업,제조업
6390,현대시멘트,제조업
6920,모헨즈,제조업
4440,대림씨엔에스,제조업
3670,포스코켐텍,제조업
1520,동양,제조업
112190,KC산업,제조업
4980,성신양회,제조업
3410,쌍용양회공업,제조업
228340,동양파일,제조업
3300,한일시멘트,제조업
27830,대성창투,금융 및 보험업
152550,한국ANKOR유전,금융 및 보험업
19550,SBI인베스트먼트,금융 및 보험업
99350,하나니켈2호,금융 및 보험업
19590,엠벤처투자,금융 및 보험업
94800,맵스리얼티1,금융 및 보험업
21080,에이티넘인베스트,금융 및 보험업
34830,한국토지신탁,금융 및 보험업
246690,티에스인베스트먼트,금융 및 보험업
168490,한국패러랠,금융 및 보험업
96300,베트남개발1,금융 및 보험업
99340,하나니켈1호,금융 및 보험업
23460,CNH,금융 및 보험업
19570,제미니투자,금융 및 보험업
88980,맥쿼리인프라,금융 및 보험업
123890,한국자산신탁,금융 및 보험업
277070,린드먼아시아,금융 및 보험업
241520,DSC인베스트먼트,금융 및 보험업
54940,엑사이엔씨,건설업
66620,국보디자인,건설업
224810,엄지하우스,건설업
2450,삼익악기,제조업
23900,풍국주정,제조업
80,하이트진로,제조업
23150,MH에탄올,제조업
4650,창해에탄올,제조업
43650,국순당,제조업
890,보해양조,제조업
18120,진로발효,제조업
33920,무학,제조업
30720,동원수산,"농업, 임업 및 어업"
6040,동원산업,"농업, 임업 및 어업"
4970,신라교역,"농업, 임업 및 어업"
7160,사조산업,"농업, 임업 및 어업"
94850,참좋은여행,"사업시설 관리, 사업 지원 및 임대 서비스업"
39310,세중,"사업시설 관리, 사업 지원 및 임대 서비스업"
32350,롯데관광개발,"사업시설 관리, 사업 지원 및 임대 서비스업"
38390,레드캡투어,"사업시설 관리, 사업 지원 및 임대 서비스업"
39130,하나투어,"사업시설 관리, 사업 지원 및 임대 서비스업"
80160,모두투어,"사업시설 관리, 사업 지원 및 임대 서비스업"
38620,위즈코프,도매 및 소매업
128820,대성산업,도매 및 소매업
17390,서울도시가스,"전기, 가스, 증기 및 공기 조절 공급업"
117580,대성에너지,"전기, 가스, 증기 및 공기 조절 공급업"
15350,부산도시가스,"전기, 가스, 증기 및 공기 조절 공급업"
267290,경동도시가스,"전기, 가스, 증기 및 공기 조절 공급업"
53050,지에스이,"전기, 가스, 증기 및 공기 조절 공급업"
36460,한국가스공사,"전기, 가스, 증기 및 공기 조절 공급업"
34590,인천도시가스,"전기, 가스, 증기 및 공기 조절 공급업"
4690,삼천리,"전기, 가스, 증기 및 공기 조절 공급업"
99520,ITX엠투엠,제조업
111870,삼본정밀전자,제조업
69510,에스텍,제조업
161570,미동앤씨네마,제조업
32540,TJ미디어,제조업
17250,인터엠,제조업
60570,아이리버,제조업
33560,블루콤,제조업
64240,홈캐스트,제조업
57880,토필드,제조업
8700,아남전자,제조업
276240,엘리비젼,제조업
52330,코텍,제조업
19490,하이트론씨스템즈,제조업
115160,휴맥스,제조업
25440,대성엘텍,제조업
51360,토비스,제조업
97520,엠씨넥스,제조업
11230,삼화전자공업,제조업
46140,SBS콘텐츠허브,정보통신업
200350,래몽래인,정보통신업
206560,덱스터,정보통신업
66410,투윈글로벌,정보통신업
242350,피엔아이컴퍼니,정보통신업
160550,NEW,정보통신업
36260,이매진아시아,정보통신업
54780,키이스트,정보통신업
210120,빅텐츠,정보통신업
79160,CJCGV,정보통신업
47820,초록뱀,정보통신업
68050,팬엔터테인먼트,정보통신업
48550,SMC&C,정보통신업
58420,제이웨이,정보통신업
3560,아이에이치큐,정보통신업
266170,뿌리깊은나무들,정보통신업
40300,YTN,정보통신업
60300,레드로버,정보통신업
46390,삼화네트웍스,정보통신업
78860,아이오케이,정보통신업
253450,스튜디오드래곤,정보통신업
86980,쇼박스,정보통신업
2420,세기상사,정보통신업
182360,큐브엔터,정보통신업
41510,에스엠,정보통신업
173940,에프엔씨엔터,정보통신업
122870,와이지엔터테인먼트,정보통신업
35900,JYPEnt.,정보통신업
206950,볼빅,제조업
83380,동북아13호선박투자,"사업시설 관리, 사업 지원 및 임대 서비스업"
159650,하이골드8호,"사업시설 관리, 사업 지원 및 임대 서비스업"
172580,하이골드12호,"사업시설 관리, 사업 지원 및 임대 서비스업"
83370,동북아12호선박투자,"사업시설 관리, 사업 지원 및 임대 서비스업"
155900,바다로19호,"사업시설 관리, 사업 지원 및 임대 서비스업"
153360,하이골드3호,"사업시설 관리, 사업 지원 및 임대 서비스업"
68400,AJ렌터카,"사업시설 관리, 사업 지원 및 임대 서비스업"
74600,원익QnC,제조업
8870,금비,제조업
5090,삼광글라스,제조업
152330,코리아오토글라스,제조업
89140,넥스턴,제조업
2000,한국유리공업,제조업
6050,국영지앤엠,제조업
34230,파라다이스,"예술, 스포츠 및 여가관련 서비스업"
84680,이월드,"예술, 스포츠 및 여가관련 서비스업"
35250,강원랜드,"예술, 스포츠 및 여가관련 서비스업"
35480,마제스타,"예술, 스포츠 및 여가관련 서비스업"
114090,GKL,"예술, 스포츠 및 여가관련 서비스업"
650,천일고속,운수 및 창고업
24800,유성티엔에스,운수 및 창고업
84670,동양고속,운수 및 창고업
6220,제주은행,금융 및 보험업
30,우리은행,금융 및 보험업
7330,푸른저축은행,금융 및 보험업
192530,광주은행,금융 및 보험업
24110,기업은행,금융 및 보험업
25870,신라에스지,NA
65150,MP그룹,NA
26960,동서,NA
32980,바이온,NA
51500,CJ프레시웨이,NA
65170,넥스트BT,NA
51780,큐로홀딩스,NA
220630,해마로푸드서비스,NA
250000,보라티알,NA
227840,현대코퍼레이션홀딩스,NA
217620,디딤,숙박 및 음식점업
31440,신세계푸드,숙박 및 음식점업
18700,바른손,숙박 및 음식점업
214680,디알텍,제조업
56090,유앤아이,제조업
99190,아이센스,제조업
226610,한국비엔씨,제조업
219750,지티지웰니스,제조업
258830,세종메디칼,제조업
214150,클래시스,제조업
208370,셀바스헬스케어,제조업
214610,미코바이오메드,제조업
200580,메디쎄이,제조업
226400,오스테오닉,제조업
41920,메디아나,제조업
216280,원텍,제조업
48870,시너지이노베이션,제조업
39840,디오,제조업
43100,솔고바이오,제조업
156100,엘앤케이바이오,제조업
149980,하이로닉,제조업
212310,휴벡셀,제조업
115480,씨유메디칼,제조업
100120,뷰웍스,제조업
228850,레이언스,제조업
229000,젠큐릭스,제조업
199290,바이오프로테크,제조업
6140,피제이전자,제조업
145720,덴티움,제조업
41830,인바디,제조업
43150,바텍,제조업
39860,나노엔텍,제조업
104540,코렌텍,제조업
150840,인트로메딕,제조업
58110,멕아이씨에스,제조업
65510,휴비츠,제조업
85370,루트로닉,제조업
48260,오스템임플란트,제조업
230400,자비스,제조업
122310,제노레이,제조업
244880,나눔테크,제조업
246720,아스타,제조업
96530,씨젠,제조업
138610,나이벡,제조업
205470,휴마시스,제조업
59210,메타바이오메드,제조업
42520,한스바이오메드,제조업
233250,메디안디노스틱,제조업
100700,세운메디칼,제조업
142280,녹십자엠에스,제조업
46210,파나진,제조업
950130,엑세스바이오,제조업
174900,앱클론,제조업
260660,알리코제약,제조업
86890,이수앱지스,제조업
253840,수젠텍,제조업
64550,바이오니아,제조업
241820,피씨엘,제조업
206640,바디텍메드,제조업
33290,코웰패션,제조업
16580,환인제약,제조업
9300,삼아제약,제조업
220100,퓨쳐켐,제조업
66700,테라젠이텍스,제조업
176750,듀켐바이오,제조업
3850,보령제약,제조업
237690,에스티팜,제조업
9290,광동제약,제조업
67370,선바이오,제조업
520,삼일제약,제조업
222110,팬젠,제조업
249420,일동제약,제조업
3060,에이프로젠제약,제조업
20,동화약품,제조업
6620,동구바이오제약,제조업
6280,녹십자,제조업
67290,JW신약,제조업
4310,현대약품,제조업
9420,한올바이오파마,제조업
58820,CMG제약,제조업
225220,제놀루션,제조업
12790,신일제약,제조업
53030,바이넥스,제조업
18620,우진비앤지,제조업
175250,아이큐어,제조업
69620,대웅제약,제조업
7370,진양제약,제조업
166480,코아스템,제조업
128940,한미약품,제조업
52670,제일바이오,제조업
33270,유나이티드,제조업
19170,신풍제약,제조업
4720,우리들제약,제조업
78140,대봉엘에스,제조업
3220,대원제약,제조업
23910,대한약품,제조업
17180,명문제약,제조업
11040,경동제약,제조업
1060,JW중외제약,제조업
2800,신신제약,제조업
2390,한독,제조업
5500,삼진제약,제조업
1540,안국약품,제조업
234080,JW생명과학,제조업
131030,디에이치피코리아,제조업
100,유한양행,제조업
2630,오리엔트바이오,제조업
250,삼천당제약,제조업
7570,일양약품,제조업
41910,에스텍파마,제조업
2250,알보젠코리아,제조업
11000,진원생명과학,제조업
67080,대화제약,제조업
102460,이연제약,제조업
34940,조아제약,제조업
200780,비씨월드제약,제조업
200670,휴메딕스,제조업
170900,동아에스티,제조업
185750,종근당,제조업
3520,영진약품,제조업
36480,대성미생물,제조업
68760,셀트리온제약,제조업
3120,일성신약,제조업
41960,코미팜,제조업
243070,휴온스,제조업
2210,동성제약,제조업
3000,부광약품,제조업
2720,국제약품,제조업
271980,제일약품,제조업
1360,삼성제약,제조업
18680,서울제약,제조업
54670,대한뉴팜,제조업
14570,고려제약,제조업
220,유유제약,제조업
53950,경남제약,제조업
61250,화일약품,제조업
63160,종근당바이오,제조업
39200,오스코텍,제조업
86450,동국제약,제조업
30960,양지사,제조업
37270,YGPLUS,제조업
66910,손오공,제조업
225330,씨엠에스에듀,교육 서비스업
96240,청담러닝,교육 서비스업
215200,메가스터디교육,교육 서비스업
40420,정상제이엘에스,교육 서비스업
144740,피엠디아카데미,교육 서비스업
68930,디지털대성,교육 서비스업
38340,UCI,교육 서비스업
133750,메가엠디,교육 서비스업
84180,수성,제조업
36560,영풍정밀,제조업
100840,S&TC,제조업
100660,서암기계공업,제조업
105740,디케이락,제조업
126870,뉴로스,제조업
86670,비엠티,제조업
11700,한신기계공업,제조업
12200,계양전기,제조업
74610,나노메딕스,제조업
54950,제이브이엠,제조업
71970,STX중공업,제조업
19990,에너토크,제조업
39610,화성밸브,제조업
4380,삼익THK,제조업
12600,청호컴넷,제조업
54300,팬스타엔터프라이즈,제조업
44060,조광ILI,제조업
68330,일신바이오,제조업
15590,큐로,제조업
126880,제이엔케이히터,제조업
101170,우림기계,제조업
17800,현대엘리베이터,제조업
7820,에스엠코어,제조업
104460,동양피엔에프,제조업
103230,에스앤더블류,제조업
77970,STX엔진,제조업
148140,비디아이,제조업
18880,한온시스템,제조업
241510,이에스산업,제조업
82740,HSD엔진,제조업
73010,케이에스피,제조업
34020,두산중공업,제조업
48770,TPC,제조업
83650,비에이치아이,제조업
18000,유니슨,제조업
43340,에쎈테크,제조업
267270,현대건설기계,제조업
119650,KC코트렐,제조업
70960,용평리조트,숙박 및 음식점업
7340,디티알오토모티브,제조업
243840,신흥에스이씨,제조업
91580,상신이디피,제조업
82920,비츠로셀,제조업
6400,삼성SDI,제조업
4490,세방전지,제조업
66970,엘앤에프,제조업
232530,이엠티,제조업
23890,아트라스BX,제조업
142210,유니트론텍,도매 및 소매업
900100,뉴프라이드,도매 및 소매업
23810,인팩,제조업
4100,태양금속공업,제조업
53060,세동,제조업
241690,유니테크노,제조업
5030,부산주공,제조업
18500,동원금속,제조업
90080,평화산업,제조업
64960,S&T모티브,제조업
122690,서진오토모티브,제조업
1620,동국실업,제조업
118990,모트렉스,제조업
31510,오스템,제조업
15230,대창단조,제조업
170030,현대공업,제조업
46070,코다코,제조업
75180,새론오토모티브,제조업
24910,경창산업,제조업
212560,네오오토,제조업
23800,인지컨트롤스,제조업
40610,SG&G,제조업
80440,에스제이케이,제조업
53270,구영테크,제조업
13720,청보산업,제조업
13310,아진산업,제조업
130740,티피씨글로벌,제조업
12280,영화금속,제조업
215360,우리산업,제조업
90150,광진윈텍,제조업
41650,상신브레이크,제조업
92200,디아이씨,제조업
123040,엠에스오토텍,제조업
53700,삼보모터스,제조업
21820,세원정공,제조업
9680,모토닉,제조업
2880,대유에이텍,제조업
123700,에스제이엠,제조업
3570,S&T중공업,제조업
24900,덕양산업,제조업
33600,에이코넬,제조업
33250,체시스,제조업
19540,일지테크,제조업
5710,대원산업,제조업
23000,삼원강재,제조업
116100,태양기계,제조업
143210,핸즈코퍼레이션,제조업
107640,한중엔시에스,제조업
80470,성창오토텍,제조업
120780,전우정밀,제조업
9320,대우부품,제조업
11320,유니크,제조업
78590,두올산업,제조업
16740,두올,제조업
104040,대성파인텍,제조업
11210,현대위아,제조업
24120,KB오토시스,제조업
67570,엔브이에이치코리아,제조업
5850,에스엘,제조업
430,대원강업,제조업
123410,코리아에프티,제조업
10100,한국프랜지공업,제조업
214330,금호에이치티,제조업
113810,디젠스,제조업
65500,오리엔트정공,제조업
66590,우수AMS,제조업
38110,에코플라스틱,제조업
234100,세원,제조업
73070,에스모,제조업
12860,서연전자,제조업
12330,현대모비스,제조업
1420,태원물산,제조업
2920,유성기업,제조업
13870,지엠비코리아,제조업
33530,세종공업,제조업
10580,지코,제조업
122350,삼기오토모티브,제조업
204320,만도,제조업
43370,평화정공,제조업
134780,화진,제조업
200880,서연이화,제조업
85910,네오티스,제조업
265560,영화테크,제조업
24830,세원물산,제조업
6660,삼성공조,제조업
1380,SG충방,제조업
15750,성우하이텍,제조업
13520,화승알앤에이,제조업
126640,화신정공,제조업
24740,한일단조,제조업
10690,화신,제조업
71850,캐스텍코리아,제조업
88290,이원컴포텍,제조업
5380,현대자동차,제조업
270,기아자동차,제조업
3620,쌍용자동차,제조업
14200,광림,제조업
92780,동양피스톤,제조업
67170,오텍,제조업
67990,도이치모터스,도매 및 소매업
43610,지니뮤직,정보통신업
46110,한일네트웍스,정보통신업
93320,케이아이엔엑스,정보통신업
23590,다우기술,정보통신업
20120,키다리스튜디오,정보통신업
33130,디지틀조선,정보통신업
229480,줌인터넷,정보통신업
42000,카페24,정보통신업
52220,iMBC,정보통신업
35420,NAVER,정보통신업
53110,소리바다,정보통신업
35720,카카오,정보통신업
78000,텔코웨어,정보통신업
127710,아시아경제,정보통신업
143240,사람인에이치알,정보통신업
72130,유엔젤,정보통신업
228180,티씨엠생명과학,"전문, 과학 및 기술 서비스업"
217950,파마리서치바이오,"전문, 과학 및 기술 서비스업"
142760,바이오리더스,"전문, 과학 및 기술 서비스업"
83790,크리스탈,"전문, 과학 및 기술 서비스업"
168330,내츄럴엔도텍,"전문, 과학 및 기술 서비스업"
215570,크로넥스,"전문, 과학 및 기술 서비스업"
215380,우정바이오,"전문, 과학 및 기술 서비스업"
140410,메지온,"전문, 과학 및 기술 서비스업"
86080,다이노나,"전문, 과학 및 기술 서비스업"
109820,진매트릭스,"전문, 과학 및 기술 서비스업"
236340,메디젠휴먼케어,"전문, 과학 및 기술 서비스업"
251280,안지오랩,"전문, 과학 및 기술 서비스업"
216400,바이오코아,"전문, 과학 및 기술 서비스업"
215600,신라젠,"전문, 과학 및 기술 서비스업"
86040,바이오톡스텍,"전문, 과학 및 기술 서비스업"
199800,툴젠,"전문, 과학 및 기술 서비스업"
185490,아이진,"전문, 과학 및 기술 서비스업"
220250,카이노스메드,"전문, 과학 및 기술 서비스업"
206650,유바이오로직스,"전문, 과학 및 기술 서비스업"
281310,바이오시네틱스,"전문, 과학 및 기술 서비스업"
127120,디엔에이링크,"전문, 과학 및 기술 서비스업"
196170,알테오젠,"전문, 과학 및 기술 서비스업"
228760,지노믹트리,"전문, 과학 및 기술 서비스업"
217600,켐온,"전문, 과학 및 기술 서비스업"
204840,지엘팜텍,"전문, 과학 및 기술 서비스업"
229500,노브메타파마,"전문, 과학 및 기술 서비스업"
205290,케미메디,"전문, 과학 및 기술 서비스업"
86460,에스엔피제네틱스,"전문, 과학 및 기술 서비스업"
258540,스템랩,"전문, 과학 및 기술 서비스업"
141080,레고켐바이오,"전문, 과학 및 기술 서비스업"
95700,제넥신,"전문, 과학 및 기술 서비스업"
203400,에이비온,"전문, 과학 및 기술 서비스업"
84990,바이로메드,"전문, 과학 및 기술 서비스업"
47920,씨트리,"전문, 과학 및 기술 서비스업"
245620,EDGC,"전문, 과학 및 기술 서비스업"
115180,큐리언트,"전문, 과학 및 기술 서비스업"
271850,다이오진,"전문, 과학 및 기술 서비스업"
84650,랩지노믹스,"전문, 과학 및 기술 서비스업"
222670,플럼라인생명과학,"전문, 과학 및 기술 서비스업"
154030,아시아종묘,"농업, 임업 및 어업"
54050,농우바이오,"농업, 임업 및 어업"
3690,코리안리,금융 및 보험업
37400,우리조명,제조업
1210,금호전기,제조업
82850,우리이티아이,제조업
45890,DB라이텍,제조업
36190,금화피에스시,건설업
39570,HDC아이콘트롤스,건설업
78940,일경산업개발,건설업
60370,KT서브마린,건설업
94820,일진파워,건설업
42940,상지카일룸,건설업
51600,한전KPS,건설업
272420,극동자동화,건설업
15760,한국전력공사,"전기, 가스, 증기 및 공기 조절 공급업"
31310,아이즈비전,정보통신업
36630,세종텔레콤,정보통신업
115310,인포바인,정보통신업
17670,SK텔레콤,정보통신업
30200,케이티,정보통신업
32640,LG유플러스,정보통신업
6490,인스코비,정보통신업
36800,나이스정보통신,정보통신업
25770,한국정보통신,정보통신업
65530,전파기지국,정보통신업
39420,케이엘넷,정보통신업
52600,한네트,정보통신업
119850,지엔씨에너지,NA
17040,광명전기,NA
47310,파워로직스,NA
71280,로체시스템즈,NA
24810,이화전기,NA
32820,우리기술,NA
267260,현대일렉트릭,NA
131390,피앤이솔루션,NA
217320,썬테크,NA
33100,제룡전기,NA
79960,동양이엔피,NA
298040,효성중공업,NA
54220,비츠로시스,NA
260870,시그넷이브이,NA
187270,신화콘텍,NA
58610,에스피지,NA
189860,서전기전,NA
53160,프리엠스,NA
37030,파워넷,NA
43200,파루,NA
95910,에스에너지,NA
26890,디피씨,NA
10120,LS산전,NA
7610,선도전기,NA
65710,서호전기,NA
68240,다원시스,NA
237750,피앤씨테크,NA
48430,유라테크,NA
25540,한국단자공업,NA
20710,시공테크,"전문, 과학 및 기술 서비스업"
39830,오로라,"전문, 과학 및 기술 서비스업"
4130,대덕GDS,제조업
222800,심텍,제조업
122990,와이솔,제조업
226350,아이엠텍,제조업
67770,세진티에스,제조업
43260,성호전자,제조업
36010,아비코전자,제조업
12340,뉴인텍,제조업
219130,타이거일렉,제조업
15260,에이엔피,제조업
7660,이수페타시스,제조업
37330,인지디스플레,제조업
72520,케이디네이쳐엔바이오,제조업
49520,유아이엘,제조업
155960,지디,제조업
59100,아이컴포넌트,제조업
101390,아이엠,제조업
33160,엠케이전자,제조업
60720,KH바텍,제조업
106080,알비케이이엠디,제조업
27580,상보,제조업
34220,LG디스플레이,제조업
263600,덕우전자,제조업
96640,멜파스,제조업
91700,파트론,제조업
87600,픽셀플러스,제조업
101490,에스앤에스텍,제조업
50090,휘닉스소재,제조업
127160,매직마이크로,제조업
105550,트루윈,제조업
78600,대주전자재료,제조업
126340,비나텍,제조업
151910,나노스,제조업
91340,S&K폴리텍,제조업
7810,코리아써키트,제조업
177830,파버나인,제조업
155650,와이엠씨,제조업
90740,연이정보통신,제조업
49120,파인디앤씨,제조업
33240,자화전자,제조업
94190,이엘케이,제조업
66900,디에이피,제조업
66670,디스플레이텍,제조업
52710,아모텍,제조업
94970,제이엠티,제조업
213420,덕산네오룩스,제조업
80580,오킨스전자,제조업
36810,에프에스티,제조업
38460,바이오스마트,제조업
51370,인터플렉스,제조업
14910,성문전자,제조업
65680,우주일렉트로,제조업
24850,피에스엠씨,제조업
214430,아이쓰리시스템,제조업
98120,마이크로컨텍솔,제조업
9470,삼화전기,제조업
54040,한국컴퓨터,제조업
43580,에임하이,제조업
72950,빛샘전자,제조업
90460,비에이치,제조업
191600,티케이씨,제조업
33200,모아텍,제조업
4710,한솔테크닉스,제조업
263810,상신전자,제조업
68940,아이씨케이,제조업
5680,삼영전자공업,제조업
9150,삼성전기,제조업
42600,새로닉스,제조업
50110,캠시스,제조업
101160,월덱스,제조업
193250,와이제이엠게임즈,제조업
57500,SKC솔믹스,제조업
52020,에스티큐브,제조업
38880,아이에이,제조업
92300,현우산업,제조업
115530,씨엔플러스,제조업
91120,이엠텍,제조업
149950,아바텍,제조업
37950,엘컴텍,제조업
54210,이랜텍,제조업
44990,에이치엔에스하이텍,제조업
11070,LG이노텍,제조업
115450,지트리비앤티,제조업
272290,이녹스첨단소재,제조업
154040,솔루에타,제조업
190510,나무가,제조업
69330,유아이디,제조업
45300,성우테크론,제조업
60230,이그잭스,제조업
179900,유티아이,제조업
47440,레이젠,제조업
123010,옵토팩,제조업
52290,트레이스,제조업
178780,유테크,제조업
41590,에너전트,제조업
208710,바이오로그디바이스,제조업
58470,리노공업,제조업
131760,파인텍,제조업
191410,육일씨엔에쓰,제조업
85670,뉴프렉스,제조업
114120,크루셜텍,제조업
33180,필룩스,제조업
1820,삼화콘덴서공업,제조업
148250,알엔투테크놀로지,제조업
9140,경인전자,제조업
20150,일진머티리얼즈,제조업
32960,동일기연,제조업
95340,ISC,제조업
176440,에이치엔티,제조업
8060,대덕전자,제조업
131400,액트,제조업
105330,케이엔더블유,제조업
25320,시노펙스,제조업
121890,에스디시스템,제조업
140670,알에스오토메이션,제조업
195870,해성디에스,제조업
500,가온전선,제조업
10170,대한광통신,제조업
135160,지오씨,제조업
6340,대원전선,제조업
103590,일진전기,제조업
1440,대한전선,제조업
25750,한솔홈데코,제조업
139480,이마트,도매 및 소매업
282330,BGF리테일,도매 및 소매업
6370,대구백화점,도매 및 소매업
27390,한화갤러리아타임월드,도매 및 소매업
67830,세이브존I&C,도매 및 소매업
19010,그랜드백화점,도매 및 소매업
27410,BGF,도매 및 소매업
69960,현대백화점,도매 및 소매업
4170,신세계,도매 및 소매업
7070,GS리테일,도매 및 소매업
37710,광주신세계,도매 및 소매업
5440,현대그린푸드,도매 및 소매업
950170,JTC,도매 및 소매업
23530,롯데쇼핑,도매 및 소매업
71320,지역난방공사,NA
11300,성안,제조업
1070,대한방직,제조업
65950,웰크론,제조업
3610,방림,제조업
32800,판타지오,"예술, 스포츠 및 여가관련 서비스업"
204630,화이브라더스코리아,"예술, 스포츠 및 여가관련 서비스업"
52190,이에스에이,"예술, 스포츠 및 여가관련 서비스업"
64350,현대로템,제조업
19680,대교,교육 서비스업
95720,웅진씽크빅,교육 서비스업
57540,옴니시스템,제조업
215090,한컴유니맥스,제조업
181340,이즈미디어,제조업
281820,케이씨텍,제조업
140860,파크시스템스,제조업
269620,시스웍,제조업
39230,에이아이비트,제조업
60540,에스에이티,제조업
25560,미래산업,제조업
222160,바이옵트로,제조업
147760,마이크로프랜드,제조업
131290,티에스이,제조업
63760,이엘피,제조업
183410,데카시스템,제조업
65450,빅텍,제조업
105840,우진,제조업
29460,케이씨,제조업
49430,코메론,제조업
33110,이디,제조업
3160,디아이,제조업
137940,넥스트아이,제조업
2230,피에스텍,제조업
18290,지엠피,제조업
29530,신도리코,제조업
45660,에이텍,제조업
131180,딜리,제조업
66110,한프,제조업
44380,주연테크,제조업
43360,디지아이,제조업
94940,푸른기술,제조업
93190,빅솔론,제조업
96690,제이스테판,제조업
96040,이트론,제조업
267810,앙츠,"협회 및 단체, 수리 및 기타 개인 서비스업"
33230,인성정보,정보통신업
26180,현대정보기술,정보통신업
45510,정원엔시스,정보통신업
250060,모비스,정보통신업
40350,큐로컴,정보통신업
263800,데이타솔루션,정보통신업
49480,오픈베이스,정보통신업
35510,신세계I&C,정보통신업
20180,대신정보통신,정보통신업
243870,굿센,정보통신업
42500,링네트,정보통신업
38680,에스넷,정보통신업
10280,쌍용정보통신,정보통신업
31820,콤텍시스템,정보통신업
12030,DB,정보통신업
72770,네오디안테크놀로지,정보통신업
52460,아이크래프트,정보통신업
136540,윈스,정보통신업
115500,케이씨에스,정보통신업
18260,삼성에스디에스,정보통신업
124500,아이티센,정보통신업
189330,씨이랩,정보통신업
234300,에스트래픽,정보통신업
173130,오파스넷,정보통신업
70590,한솔인티큐브,정보통신업
7120,미래아이앤지,정보통신업
67730,로지시스,정보통신업
89150,케이씨티,정보통신업
75130,플랜티넷,정보통신업
38540,상상인,정보통신업
121060,유니포인트,정보통신업
12510,더존비즈온,정보통신업
67010,이씨에스,정보통신업
53980,오상자이엘,정보통신업
30790,동양네트웍스,정보통신업
64800,필링크,정보통신업
139050,데일리블록체인,정보통신업
126560,현대에이치씨엔,정보통신업
39340,한국경제TV,정보통신업
122450,KMH,정보통신업
53210,케이티스카이라이프,정보통신업
33830,티비씨,정보통신업
34120,SBS,정보통신업
66790,씨씨에스,정보통신업
37560,CJ헬로,정보통신업
58400,KNN,정보통신업
35760,CJ오쇼핑,정보통신업
28150,GS홈쇼핑,정보통신업
130960,CJE&M,정보통신업
26150,특수건설,건설업
3070,코오롱글로벌,건설업
1470,삼부토건,건설업
720,현대건설,건설업
13360,일성건설,건설업
5980,성지건설,건설업
1260,남광토건,건설업
226360,이엑스티,건설업
9410,태영건설,건설업
97230,한진중공업,건설업
5960,동부건설,건설업
13580,계룡건설산업,건설업
25950,동신건설,건설업
4200,고려개발,건설업
14790,한라,건설업
140290,청광종건,건설업
23960,에쓰씨엔지니어링,건설업
210,대림산업,건설업
2780,진흥기업,건설업
224760,엔에스컴퍼니,건설업
270020,두원석재,광업
81580,성우전자,제조업
61040,알에프텍,제조업
82660,삼우엠스,제조업
35460,기산텔레콤,제조업
271400,알로이스,제조업
32750,삼진,제조업
121800,비덴트,제조업
224110,에이텍티앤,제조업
109960,에이프로젠H&G,제조업
245450,씨앤에스링크,제조업
178320,서진시스템,제조업
29480,바른테크놀로지,제조업
7630,폴루스바이오팜,제조업
134580,디엠티,제조업
95270,웨이브일렉트로,제조업
32500,케이엠더블유,제조업
91440,텔레필드,제조업
36690,코맥스,제조업
115440,우리넷,제조업
236200,슈프리마,제조업
175140,인포마크,제조업
15710,코콤,제조업
101330,모베이스,제조업
58220,아리온,제조업
138080,오이솔루션,제조업
54340,피앤텔,제조업
46970,우리로,제조업
214870,에치디프로,제조업
73490,이노와이어리스,제조업
5930,삼성전자,제조업
84730,팅크웨어,제조업
79190,EMW,제조업
300,대유플러스,제조업
46310,백금T&A,제조업
69540,라이트론,제조업
96630,에스코넥,제조업
149940,모다,제조업
203450,유니온커뮤니티,제조업
97780,에스맥,제조업
78890,가온미디어,제조업
56360,코위버,제조업
93920,서원인텍,제조업
88800,에이스테크,제조업
8110,대동전자,제조업
49070,인탑스,제조업
39560,다산네트웍스,제조업
192410,감마누,제조업
66570,LG전자,제조업
5870,휴니드테크놀러지스,제조업
211270,AP위성,제조업
106240,파인테크닉스,제조업
38950,파인디지털,제조업
189350,코셋,제조업
73540,에프알텍,제조업
174880,장원테크,제조업
65770,CS,제조업
37460,삼지전자,제조업
189300,인텔리안테크,제조업
143160,아이디스,제조업
50890,쏠리드,제조업
58450,일야,제조업
215790,이노인스트루먼트,제조업
65570,삼영이엔씨,제조업
218410,RFHIC,제조업
200230,텔콘RF제약,제조업
109080,옵티시스,제조업
39010,현대통신,제조업
140660,위월드,제조업
33790,스카이문스테크놀로지,제조업
170790,파이오링크,제조업
83640,인콘,제조업
264450,유비쿼스,제조업
189540,씨티네트웍스,제조업
79810,디이엔티,제조업
232140,와이아이케이,제조업
83450,GST,제조업
78150,HB테크놀러지,제조업
10240,흥국,제조업
50860,아세아텍,제조업
2900,동양물산기업,제조업
160980,싸이맥스,제조업
217500,러셀,제조업
65130,탑엔지니어링,제조업
196490,디에이테크놀로지,제조업
36890,진성티이씨,제조업
89890,코세스,제조업
108230,톱텍,제조업
86390,유니테스트,제조업
232680,라온테크,제조업
36200,유니셈,제조업
42700,한미반도체,제조업
39440,에스티아이,제조업
99440,스맥,제조업
136510,쎄미시스코,제조업
141000,비아트론,제조업
109740,디에스케이,제조업
90710,디에스티로봇,제조업
64510,에코마이스터,제조업
89030,테크윙,제조업
79950,인베니아,제조업
10660,화천기계,제조업
40910,아이씨디,제조업
123100,원익테라세미콘,제조업
238490,힘스,제조업
95610,테스,제조업
144960,뉴파워프라즈마,제조업
83500,에프엔에스테크,제조업
44780,에이치케이,제조업
17550,수산중공업,제조업
82270,젬백스,제조업
49950,미래컴퍼니,제조업
123840,한일진공,제조업
160600,에스엔텍,제조업
264660,씨앤지하이테크,제조업
265520,AP시스템,제조업
197210,리드,제조업
95190,이엠코리아,제조업
259630,엠플러스,제조업
114810,아이원스,제조업
850,화천기공,제조업
64290,인텍플러스,제조업
43290,케이맥,제조업
101680,한국정밀기계,제조업
222080,씨아이에스,제조업
89790,제이티,제조업
158310,인터불스,제조업
224060,코디엠,제조업
49080,기가레인,제조업
141070,맥스로텍,제조업
187870,디바이스이엔지,제조업
122640,예스티,제조업
8830,대동기어,제조업
25890,한국주강,제조업
17370,우신시스템,제조업
71670,에이테크솔루션,제조업
33430,디에스티,제조업
36930,주성엔지니어링,제조업
98460,고영,제조업
56080,유진로봇,제조업
145210,세화아이엠씨,제조업
36090,위지트,제조업
84370,유진테크,제조업
90360,로보스타,제조업
210540,디와이파워,제조업
51490,나라엠앤디,제조업
183300,코미코,제조업
256940,케이피에스,제조업
9310,참엔지니어링,제조업
92440,기신정기,제조업
13810,스페코,제조업
53590,한국테크놀로지,제조업
53610,프로텍,제조업
255440,야스,제조업
41440,에버다임,제조업
195990,유지인트,제조업
217190,제너셈,제조업
68790,DMS,제조업
137400,피엔티,제조업
240810,원익IPS,제조업
251630,브이원텍,제조업
158300,에스에이티이엔지,제조업
217820,엔에스,제조업
177350,베셀,제조업
80000,에스엔유,제조업
490,대동공업,제조업
90470,제이스텍,제조업
49800,우진플라임,제조업
83930,아바코,제조업
101000,디엠씨,제조업
73570,에이티테크놀러지,제조업
277880,티에스아이,제조업
143540,영우디에스피,제조업
138690,엘아이에스,제조업
60310,3S,제조업
161580,필옵틱스,제조업
56190,에스에프에이,제조업
19770,서연탑메탈,제조업
83310,엘오티베큠,제조업
42670,두산인프라코어,제조업
86250,화신테크,제조업
39030,이오테크닉스,제조업
183350,엘피케이,제조업
31980,피에스케이,제조업
171090,선익시스템,제조업
33540,파라텍,제조업
79370,제우스,제조업
136660,큐엠씨,제조업
92870,엑시콘,제조업
88130,동아엘텍,제조업
9160,SIMPAC,제조업
45520,크린앤사이언스,제조업
23600,삼보판지,제조업
1020,페이퍼코리아,제조업
9770,삼정펄프,제조업
9200,무림페이퍼,제조업
9580,무림P&P,제조업
6580,대양제지,제조업
9460,한창제지,제조업
2300,한국제지,제조업
27970,세하,제조업
213500,한솔제지,제조업
1810,무림SP,제조업
4540,깨끗한나라,제조업
2870,신풍제지,제조업
8500,일정실업,제조업
5820,원림,제조업
251960,엠에프엠코리아,제조업
29960,코엔텍,"수도, 하수 및 폐기물 처리, 원료 재생업"
67900,와이엔텍,"수도, 하수 및 폐기물 처리, 원료 재생업"
60150,인선이엔티,"수도, 하수 및 폐기물 처리, 원료 재생업"
151860,KGETS,"수도, 하수 및 폐기물 처리, 원료 재생업"
79000,와토스코리아,제조업
35150,백산,제조업
14440,영보화학,제조업
8730,율촌화학,제조업
56700,신화인터텍,제조업
224020,에스케이씨에스,제조업
51980,중앙리빙테크,제조업
4250,엔피씨,제조업
178920,SKC코오롱PI,제조업
35200,프럼파스트,제조업
3720,삼영화학공업,제조업
22220,정산애강,제조업
95500,미래나노텍,제조업
8370,원풍,제조업
55490,테이팩스,제조업
238090,앤디포스,제조업
89980,상아프론테크,제조업
52420,오성첨단소재,제조업
6060,화승인더스트리,제조업
4830,덕성,제조업
50760,에스폴리텍,제조업
108670,LG하우시스,제조업
112240,에스에프씨,제조업
272550,삼양패키징,제조업
24890,대원화성,제조업
83470,KJ프리텍,제조업
3780,진양산업,제조업
24070,WISCOM,제조업
115570,스타플렉스,제조업
115960,연우,제조업
115390,락앤락,제조업
121850,코이즈,제조업
83660,CSA코스믹,제조업
14820,동원시스템즈,제조업
52900,KMH하이텍,제조업
21650,한국큐빅,제조업
60260,뉴보텍,제조업
51630,진양화학,제조업
91970,나노캠텍,제조업
138490,코오롱플라스틱,제조업
48830,엔피케이,제조업
126600,코프라,제조업
87730,네패스신소재,제조업
36640,HRS,제조업
285130,SK케미칼,제조업
196700,웹스,제조업
263540,샘코,제조업
47810,한국항공우주,제조업
221840,하이즈항공,제조업
99320,쎄트렉아이,제조업
67390,아스트,제조업
12450,한화에어로스페이스,제조업
3490,대한항공,운수 및 창고업
89590,제주항공,운수 및 창고업
20560,아시아나항공,운수 및 창고업
272450,진에어,운수 및 창고업
11200,현대상선,운수 및 창고업
28670,팬오션,운수 및 창고업
5880,대한해운,운수 및 창고업
3280,흥아해운,운수 및 창고업
44450,KSS해운,운수 및 창고업
32860,GMR머티리얼즈,"수도, 하수 및 폐기물 처리, 원료 재생업"
65160,에프티이앤이,제조업
4800,효성,제조업
104480,티케이케미칼,제조업
114630,우노앤컴퍼니,제조업
3240,태광산업,제조업
120110,코오롱인더,제조업
3830,대한화섬,제조업
298020,효성티앤씨,제조업
144620,코오롱머티리얼,제조업
79980,휴비스,제조업
298050,효성첨단소재,제조업
43910,자연과환경,"수도, 하수 및 폐기물 처리, 원료 재생업"
150,두산,"전문, 과학 및 기술 서비스업"
35610,솔본,"전문, 과학 및 기술 서비스업"
2620,제일파마홀딩스,"전문, 과학 및 기술 서비스업"
180,성창기업지주,"전문, 과학 및 기술 서비스업"
16710,대성홀딩스,"전문, 과학 및 기술 서비스업"
5250,녹십자홀딩스,"전문, 과학 및 기술 서비스업"
102260,동성코퍼레이션,"전문, 과학 및 기술 서비스업"
34310,NICE,"전문, 과학 및 기술 서비스업"
700,유수홀딩스,"전문, 과학 및 기술 서비스업"
2030,아세아,"전문, 과학 및 기술 서비스업"
900310,컬러레이,"전문, 과학 및 기술 서비스업"
227420,오백볼트,"전문, 과학 및 기술 서비스업"
35000,지투알,"전문, 과학 및 기술 서비스업"
